family,variant,round,max_features,n_topics,svd_components,relevance_accuracy,relevance_f1,relevance_precision,relevance_recall,direction_accuracy,direction_f1_macro,action_accuracy,action_f1_macro,online_final_accuracy,online_early_by_50_rate,online_before_cue_rate,online_median_stable_correct_pct,n_train_docs,n_val_docs,n_val_rate_relevant,error,run_id,chosen_relevance_threshold,chosen_no_signal_threshold,chosen_direction_threshold,chosen_margin_threshold,feature_mode,uncertain_rate_signal_rate,direction_eval_labels,n_threshold_docs,n_test_docs,n_test_rate_relevant,action_f1_macro_all_labels,action_eval_labels,chosen_lower_override_threshold,chosen_lower_override_gap,chosen_threshold_family
DummyMostFrequent,most_frequent,1,8000,6,12,0.7902097902097902,0.8828125,0.7902097902097902,1.0,0.672566371681416,0.2680776014109347,0.5314685314685315,0.1388127853881278,0.575,0.575,0.4545454545454545,10.0,507.0,143.0,113.0,,20260426T225148Z_56b69d2e,,,,,,,,,,,,,,,
LogisticRegression,C=0.6,1,8000,6,12,0.8741258741258742,0.9134615384615384,1.0,0.8407079646017699,0.3893805309734513,0.2224951745920337,0.3636363636363636,0.2471302149178255,0.3875,0.475,0.2272727272727272,10.0,507.0,143.0,113.0,,20260426T225148Z_56b69d2e,,,,,,,,,,,,,,,
LogisticRegression,C=1.4,1,8000,6,12,0.8811188811188811,0.9186602870813396,1.0,0.8495575221238938,0.4601769911504424,0.2236559139784946,0.4055944055944055,0.2523076923076923,0.4625,0.5625,0.3181818181818182,10.0,507.0,143.0,113.0,,20260426T225148Z_56b69d2e,,,,,,,,,,,,,,,
SGDClassifier,alpha=2e-5,1,8000,6,12,0.8951048951048951,0.9333333333333332,0.9375,0.9292035398230089,0.6194690265486725,0.2621722846441948,0.6013986013986014,0.3041269841269841,0.6625,0.65,0.3636363636363636,10.0,507.0,143.0,113.0,,20260426T225148Z_56b69d2e,,,,,,,,,,,,,,,
SGDClassifier,alpha=8e-5,1,8000,6,12,0.8951048951048951,0.9302325581395348,0.9803921568627452,0.8849557522123894,0.6017699115044248,0.259047619047619,0.5734265734265734,0.2931300583474496,0.675,0.65,0.3636363636363636,10.0,507.0,143.0,113.0,,20260426T225148Z_56b69d2e,,,,,,,,,,,,,,,
RidgeClassifier,alpha=0.8,1,8000,6,12,0.8111888111888111,0.864321608040201,1.0,0.7610619469026548,0.5752212389380531,0.2490421455938697,0.2657342657342657,0.1798773563479446,0.2,0.3,0.1818181818181818,25.0,507.0,143.0,113.0,,20260426T225148Z_56b69d2e,,,,,,,,,,,,,,,
RidgeClassifier,alpha=1.8,1,8000,6,12,0.7902097902097902,0.8469387755102041,1.0,0.7345132743362832,0.5132743362831859,0.2357723577235772,0.1748251748251748,0.1650490319336183,0.175,0.2625,0.0,20.0,507.0,143.0,113.0,,20260426T225148Z_56b69d2e,,,,,,,,,,,,,,,
CalibratedLinearSVC,C=0.8,1,8000,6,12,0.902097902097902,0.9339622641509434,1.0,0.8761061946902655,0.672566371681416,0.2680776014109347,0.6013986013986014,0.3021624649859943,0.7125,0.6625,0.4545454545454545,10.0,507.0,143.0,113.0,,20260426T225148Z_56b69d2e,,,,,,,,,,,,,,,
DummyMostFrequent,most_frequent,1,10000,6,16,0.8131313131313131,0.8969359331476323,0.8131313131313131,1.0,0.6894409937888198,0.2720588235294117,0.5606060606060606,0.1436893203883495,0.4375,0.4375,0.3333333333333333,10.0,702.0,198.0,161.0,,20260426T225940Z_c3ee2b73,,,,,,,,,,,,,,,
LogisticRegression,C=0.6,1,10000,6,16,0.904040404040404,0.9381107491856676,0.9863013698630136,0.8944099378881988,0.6583850931677019,0.5627284679874002,0.51010101010101,0.4212466988888335,0.5375,0.4375,0.2857142857142857,10.0,702.0,198.0,161.0,,20260426T225940Z_c3ee2b73,,,,,,,,,,,,,,,
LogisticRegression,C=1.4,1,10000,6,16,0.904040404040404,0.9385113268608414,0.9797297297297296,0.9006211180124224,0.6708074534161491,0.5599110369752572,0.5454545454545454,0.4381058898745305,0.575,0.55,0.3333333333333333,10.0,702.0,198.0,161.0,,20260426T225940Z_c3ee2b73,,,,,,,,,,,,,,,
SGDClassifier,alpha=2e-5,1,10000,6,16,0.898989898989899,0.9393939393939394,0.9171597633136096,0.9627329192546584,0.7204968944099379,0.5175200629425649,0.6464646464646465,0.4178689005106369,0.7,0.7,0.4761904761904761,10.0,702.0,198.0,161.0,,20260426T225940Z_c3ee2b73,,,,,,,,,,,,,,,
SGDClassifier,alpha=8e-5,1,10000,6,16,0.9191919191919192,0.949685534591195,0.961783439490446,0.937888198757764,0.7267080745341615,0.5163068698209036,0.6717171717171717,0.4356763485477178,0.6625,0.7,0.4285714285714285,10.0,702.0,198.0,161.0,,20260426T225940Z_c3ee2b73,,,,,,,,,,,,,,,
RidgeClassifier,alpha=0.8,1,10000,6,16,0.8333333333333334,0.8865979381443299,0.9923076923076924,0.8012422360248447,0.7391304347826086,0.5475658874004027,0.3585858585858585,0.3019959432048681,0.4,0.425,0.0952380952380952,10.0,702.0,198.0,161.0,,20260426T225940Z_c3ee2b73,,,,,,,,,,,,,,,
RidgeClassifier,alpha=1.8,1,10000,6,16,0.8333333333333334,0.8865979381443299,0.9923076923076924,0.8012422360248447,0.7142857142857143,0.570249903583237,0.3333333333333333,0.3204451731912277,0.3,0.3375,0.0952380952380952,10.0,702.0,198.0,161.0,,20260426T225940Z_c3ee2b73,,,,,,,,,,,,,,,
CalibratedLinearSVC,C=0.8,1,10000,6,16,0.9090909090909092,0.94375,0.949685534591195,0.937888198757764,0.6894409937888198,0.2720588235294117,0.6111111111111112,0.2689971196648337,0.55,0.5875,0.2857142857142857,10.0,702.0,198.0,161.0,,20260426T225940Z_c3ee2b73,,,,,,,,,,,,,,,
DummyMostFrequent,most_frequent,1,10000,6,16,0.8131313131313131,0.8969359331476323,0.8131313131313131,1.0,0.6894409937888198,0.2720588235294117,0.5606060606060606,0.1436893203883495,0.4375,0.4375,0.3333333333333333,10.0,702.0,198.0,161.0,,20260426T231052Z_7ff42cb9,0.55,0.3,0.38,0.02,,,,,,,,,,,
LogisticRegression,C=0.6,1,10000,6,16,0.904040404040404,0.9381107491856676,0.9863013698630136,0.8944099378881988,0.6583850931677019,0.5627284679874002,0.6262626262626263,0.4805595452525205,0.5875,0.6125,0.4285714285714285,10.0,702.0,198.0,161.0,,20260426T231052Z_7ff42cb9,0.62,0.4,0.38,0.02,,,,,,,,,,,
LogisticRegression,C=1.4,1,10000,6,16,0.914141414141414,0.945337620578778,0.98,0.9130434782608696,0.6708074534161491,0.5599110369752572,0.6515151515151515,0.4870228159583482,0.65,0.65,0.4761904761904761,10.0,702.0,198.0,161.0,,20260426T231052Z_7ff42cb9,0.55,0.4,0.38,0.02,,,,,,,,,,,
SGDClassifier,alpha=2e-5,1,10000,6,16,0.898989898989899,0.9393939393939394,0.9171597633136096,0.9627329192546584,0.7204968944099379,0.5175200629425649,0.6515151515151515,0.4224590644450631,0.7,0.7,0.4761904761904761,10.0,702.0,198.0,161.0,,20260426T231052Z_7ff42cb9,0.62,0.4,0.38,0.06,,,,,,,,,,,
SGDClassifier,alpha=8e-5,1,10000,6,16,0.9191919191919192,0.949685534591195,0.961783439490446,0.937888198757764,0.7267080745341615,0.5163068698209036,0.702020202020202,0.4628237994091653,0.725,0.7125,0.4761904761904761,10.0,702.0,198.0,161.0,,20260426T231052Z_7ff42cb9,0.62,0.4,0.45,0.02,,,,,,,,,,,
RidgeClassifier,alpha=0.8,1,10000,6,16,0.914141414141414,0.946031746031746,0.9675324675324676,0.9254658385093169,0.7391304347826086,0.5475658874004027,0.6262626262626263,0.4403166298948718,0.65,0.6875,0.4761904761904761,10.0,702.0,198.0,161.0,,20260426T231052Z_7ff42cb9,0.55,0.4,0.38,0.02,,,,,,,,,,,
RidgeClassifier,alpha=1.8,1,10000,6,16,0.914141414141414,0.9456869009584664,0.9736842105263158,0.9192546583850932,0.7142857142857143,0.570249903583237,0.6212121212121212,0.461124924411452,0.6125,0.6625,0.4285714285714285,10.0,702.0,198.0,161.0,,20260426T231052Z_7ff42cb9,0.55,0.4,0.38,0.02,,,,,,,,,,,
DummyMostFrequent,most_frequent,1,12000,9,24,0.8143939393939394,0.8977035490605428,0.8143939393939394,1.0,0.6930232558139535,0.2728937728937728,0.5643939393939394,0.1443099273607748,0.52,0.52,0.3448275862068966,10.0,936.0,264.0,215.0,,20260426T233910Z_69e7ee2b,0.55,0.35,0.38,0.02,,,,,,,,,,,
LogisticRegression,C=0.6,1,12000,9,24,0.9090909090909092,0.941747572815534,0.9847715736040608,0.9023255813953488,0.7069767441860465,0.6280466388522287,0.6628787878787878,0.5134651782121364,0.59,0.64,0.4482758620689655,10.0,936.0,264.0,215.0,,20260426T233910Z_69e7ee2b,0.55,0.35,0.38,0.06,,,,,,,,,,,
LogisticRegression,C=1.4,1,12000,9,24,0.9166666666666666,0.9468599033816424,0.984924623115578,0.9116279069767442,0.7209302325581395,0.6283144386710754,0.6856060606060606,0.536276311721131,0.64,0.69,0.5172413793103449,10.0,936.0,264.0,215.0,,20260426T233910Z_69e7ee2b,0.55,0.35,0.45,0.02,,,,,,,,,,,
SGDClassifier,alpha=2e-5,1,12000,9,24,0.9166666666666666,0.949074074074074,0.9447004608294932,0.9534883720930232,0.772093023255814,0.6251325556733828,0.7386363636363636,0.5268247694334651,0.7,0.72,0.5172413793103449,10.0,936.0,264.0,215.0,,20260426T233910Z_69e7ee2b,0.62,0.4,0.38,0.06,,,,,,,,,,,
SGDClassifier,alpha=8e-5,1,12000,9,24,0.9128787878787878,0.9443099273607748,0.9848484848484848,0.9069767441860463,0.7395348837209302,0.6191214860701905,0.6856060606060606,0.5209632969364121,0.7,0.68,0.5517241379310345,10.0,936.0,264.0,215.0,,20260426T233910Z_69e7ee2b,0.62,0.4,0.38,0.06,,,,,,,,,,,
RidgeClassifier,alpha=0.8,1,12000,9,24,0.9128787878787878,0.944578313253012,0.98,0.9116279069767442,0.786046511627907,0.673128831795235,0.6742424242424242,0.5333842458759401,0.66,0.65,0.4827586206896552,10.0,936.0,264.0,215.0,,20260426T233910Z_69e7ee2b,0.55,0.4,0.38,0.02,,,,,,,,,,,
RidgeClassifier,alpha=1.8,1,12000,9,24,0.9015151515151516,0.9365853658536586,0.9846153846153848,0.8930232558139535,0.7581395348837209,0.6607256255027306,0.6287878787878788,0.5272592937043065,0.57,0.61,0.5172413793103449,10.0,936.0,264.0,215.0,,20260426T233910Z_69e7ee2b,0.55,0.4,0.38,0.06,,,,,,,,,,,
DummyMostFrequent,most_frequent,1,10000,9,20,0.8131313131313131,0.8969359331476323,0.8131313131313131,1.0,0.6894409937888198,0.2720588235294117,0.5606060606060606,0.1436893203883495,0.4375,0.4375,0.3333333333333333,10.0,702.0,198.0,161.0,,20260427T002803Z_72e33f09,0.55,0.35,0.38,0.02,sparse,,,,,,,,,,
LogisticRegression,C=0.6,1,10000,9,20,0.9090909090909092,0.9419354838709676,0.9798657718120806,0.906832298136646,0.6521739130434783,0.5490957914104327,0.6161616161616161,0.467979091494217,0.575,0.575,0.4285714285714285,10.0,702.0,198.0,161.0,,20260427T002803Z_72e33f09,0.55,0.35,0.38,0.02,sparse,,,,,,,,,,
LogisticRegression,C=1.4,1,10000,9,20,0.914141414141414,0.9456869009584664,0.9736842105263158,0.9192546583850932,0.6832298136645962,0.5407268170426066,0.6666666666666666,0.4884609243464995,0.65,0.6625,0.4285714285714285,10.0,702.0,198.0,161.0,,20260427T002803Z_72e33f09,0.55,0.4,0.38,0.02,sparse,,,,,,,,,,
SGDClassifier,alpha=2e-5,1,10000,9,20,0.9191919191919192,0.9503105590062112,0.9503105590062112,0.9503105590062112,0.6894409937888198,0.4687477181453085,0.6767676767676768,0.4262984126984127,0.6875,0.6875,0.4285714285714285,10.0,702.0,198.0,161.0,,20260427T002803Z_72e33f09,0.55,0.35,0.38,0.02,sparse,,,,,,,,,,
SGDClassifier,alpha=8e-5,1,10000,9,20,0.9090909090909092,0.9440993788819876,0.9440993788819876,0.9440993788819876,0.7018633540372671,0.5073494194311666,0.6666666666666666,0.4475105061832953,0.675,0.675,0.4761904761904761,10.0,702.0,198.0,161.0,,20260427T002803Z_72e33f09,0.62,0.35,0.38,0.06,sparse,,,,,,,,,,
RidgeClassifier,alpha=0.8,1,10000,9,20,0.914141414141414,0.946031746031746,0.9675324675324676,0.9254658385093169,0.7391304347826086,0.5567682347350914,0.6363636363636364,0.4394118499203244,0.6625,0.675,0.3333333333333333,10.0,702.0,198.0,161.0,,20260427T002803Z_72e33f09,0.55,0.4,0.38,0.02,sparse,,,,,,,,,,
RidgeClassifier,alpha=1.8,1,10000,9,20,0.9090909090909092,0.9423076923076924,0.9735099337748344,0.9130434782608696,0.7018633540372671,0.5568895180150872,0.6161616161616161,0.4545140151355007,0.6125,0.625,0.3809523809523809,10.0,702.0,198.0,161.0,,20260427T002803Z_72e33f09,0.55,0.4,0.38,0.02,sparse,,,,,,,,,,
NeuralMLP,dense_64,1,10000,9,20,,,,,,,,,,,,,,,,"TypeError(""ufunc 'isnan' not supported for the input types, and the inputs could not be safely coerced to any supported types according to the casting rule ''safe''"")",20260427T002803Z_72e33f09,,,,,,,,,,,,,,,
NeuralMLP,dense_96_32,1,10000,9,20,,,,,,,,,,,,,,,,"TypeError(""ufunc 'isnan' not supported for the input types, and the inputs could not be safely coerced to any supported types according to the casting rule ''safe''"")",20260427T002803Z_72e33f09,,,,,,,,,,,,,,,
DummyMostFrequent,most_frequent,1,10000,9,20,0.8131313131313131,0.8969359331476323,0.8131313131313131,1.0,0.6894409937888198,0.2720588235294117,0.5606060606060606,0.1436893203883495,0.4375,0.4375,0.3333333333333333,10.0,702.0,198.0,161.0,,20260427T003856Z_ec4abddc,0.55,0.35,0.38,0.02,sparse,,,,,,,,,,
LogisticRegression,C=0.6,1,10000,9,20,0.9090909090909092,0.9419354838709676,0.9798657718120806,0.906832298136646,0.6521739130434783,0.5490957914104327,0.6161616161616161,0.467979091494217,0.575,0.575,0.4285714285714285,10.0,702.0,198.0,161.0,,20260427T003856Z_ec4abddc,0.55,0.35,0.38,0.02,sparse,,,,,,,,,,
LogisticRegression,C=1.4,1,10000,9,20,0.914141414141414,0.9456869009584664,0.9736842105263158,0.9192546583850932,0.6832298136645962,0.5407268170426066,0.6666666666666666,0.4884609243464995,0.65,0.6625,0.4285714285714285,10.0,702.0,198.0,161.0,,20260427T003856Z_ec4abddc,0.55,0.4,0.38,0.02,sparse,,,,,,,,,,
SGDClassifier,alpha=2e-5,1,10000,9,20,0.9191919191919192,0.9503105590062112,0.9503105590062112,0.9503105590062112,0.6894409937888198,0.4687477181453085,0.6767676767676768,0.4262984126984127,0.6875,0.6875,0.4285714285714285,10.0,702.0,198.0,161.0,,20260427T003856Z_ec4abddc,0.55,0.35,0.38,0.02,sparse,,,,,,,,,,
SGDClassifier,alpha=8e-5,1,10000,9,20,0.9090909090909092,0.9440993788819876,0.9440993788819876,0.9440993788819876,0.7018633540372671,0.5073494194311666,0.6666666666666666,0.4475105061832953,0.675,0.675,0.4761904761904761,10.0,702.0,198.0,161.0,,20260427T003856Z_ec4abddc,0.62,0.35,0.38,0.06,sparse,,,,,,,,,,
RidgeClassifier,alpha=0.8,1,10000,9,20,0.914141414141414,0.946031746031746,0.9675324675324676,0.9254658385093169,0.7391304347826086,0.5567682347350914,0.6363636363636364,0.4394118499203244,0.6625,0.675,0.3333333333333333,10.0,702.0,198.0,161.0,,20260427T003856Z_ec4abddc,0.55,0.4,0.38,0.02,sparse,,,,,,,,,,
RidgeClassifier,alpha=1.8,1,10000,9,20,0.9090909090909092,0.9423076923076924,0.9735099337748344,0.9130434782608696,0.7018633540372671,0.5568895180150872,0.6161616161616161,0.4545140151355007,0.6125,0.625,0.3809523809523809,10.0,702.0,198.0,161.0,,20260427T003856Z_ec4abddc,0.55,0.4,0.38,0.02,sparse,,,,,,,,,,
NeuralMLP,dense_64,1,10000,9,20,0.914141414141414,0.946372239747634,0.9615384615384616,0.9316770186335404,0.6770186335403726,0.3638501138501138,0.6515151515151515,0.3664173279047421,0.5375,0.65,0.4285714285714285,10.0,702.0,198.0,161.0,,20260427T003856Z_ec4abddc,0.55,0.4,0.38,0.06,dense,,,,,,,,,,
NeuralMLP,dense_96_32,1,10000,9,20,0.9090909090909092,0.9433962264150944,0.9554140127388536,0.9316770186335404,0.6521739130434783,0.4145345316822397,0.6464646464646465,0.3999284948917345,0.575,0.675,0.2857142857142857,10.0,702.0,198.0,161.0,,20260427T003856Z_ec4abddc,0.55,0.4,0.38,0.06,dense,,,,,,,,,,
DummyMostFrequent,most_frequent,1,12000,9,24,0.7987012987012987,0.8880866425992779,0.7987012987012987,1.0,0.6747967479674797,0.2686084142394822,0.538961038961039,0.1751054852320675,0.475,0.475,0.3333333333333333,10.0,546.0,154.0,123.0,,20260427T032043Z_edc7831e,0.45,0.3,0.38,0.02,sparse,0.0,,,,,,,,,
LogisticRegression,C=0.6,1,12000,9,24,0.9090909090909092,0.9396551724137931,1.0,0.8861788617886179,0.3821138211382114,0.2088888888888889,0.448051948051948,0.3450384691260604,0.375,0.45,0.1666666666666666,10.0,546.0,154.0,123.0,,20260427T032043Z_edc7831e,0.45,0.4,0.38,0.02,sparse,0.0259740259740259,,,,,,,,,
LogisticRegression,C=1.4,1,12000,9,24,0.9090909090909092,0.9396551724137931,1.0,0.8861788617886179,0.4227642276422764,0.2194092827004219,0.474025974025974,0.3514084507042253,0.4,0.5,0.0833333333333333,10.0,546.0,154.0,123.0,,20260427T032043Z_edc7831e,0.55,0.4,0.38,0.02,sparse,0.0454545454545454,,,,,,,,,
SGDClassifier,alpha=2e-5,1,12000,9,24,0.9025974025974026,0.9402390438247012,0.921875,0.959349593495935,0.5853658536585366,0.2553191489361702,0.577922077922078,0.3683667452830189,0.625,0.575,0.1666666666666666,10.0,546.0,154.0,123.0,,20260427T032043Z_edc7831e,0.45,0.3,0.38,0.02,sparse,0.0259740259740259,,,,,,,,,
SGDClassifier,alpha=8e-5,1,12000,9,24,0.9025974025974026,0.9361702127659576,0.9821428571428572,0.8943089430894309,0.5772357723577236,0.2544802867383512,0.5909090909090909,0.3795498084291188,0.55,0.55,0.1666666666666666,10.0,546.0,154.0,123.0,,20260427T032043Z_edc7831e,0.45,0.4,0.38,0.1,sparse,0.0324675324675324,,,,,,,,,
RidgeClassifier,alpha=0.8,1,12000,9,24,0.9155844155844156,0.9486166007905138,0.9230769230769232,0.975609756097561,0.5284552845528455,0.2394106813996317,0.4805194805194805,0.3093093093093093,0.525,0.525,0.25,10.0,546.0,154.0,123.0,,20260427T032043Z_edc7831e,0.45,0.4,0.38,0.02,sparse,0.0974025974025974,,,,,,,,,
RidgeClassifier,alpha=1.8,1,12000,9,24,0.8961038961038961,0.935483870967742,0.928,0.943089430894309,0.4878048780487805,0.2312138728323699,0.435064935064935,0.3116212517108374,0.475,0.525,0.1666666666666666,10.0,546.0,154.0,123.0,,20260427T032043Z_edc7831e,0.45,0.4,0.38,0.02,sparse,0.1233766233766233,,,,,,,,,
DummyMostFrequent,most_frequent,1,12000,6,24,0.8108108108108109,0.8955223880597015,0.8108108108108109,1.0,0.6777777777777778,0.2693156732891832,0.5495495495495496,0.1773255813953488,0.4928571428571429,0.4928571428571429,0.3170731707317073,10.0,1177.0,333.0,270.0,,20260427T031050Z_43a07e7c,0.45,0.3,0.38,0.02,sparse,0.0,,,,,,,,,
LogisticRegression,C=0.6,1,12000,6,24,0.8978978978978979,0.932806324110672,1.0,0.8740740740740741,0.5148148148148148,0.2425828970331588,0.5375375375375375,0.3711316852161922,0.5214285714285715,0.6071428571428571,0.3170731707317073,10.0,1177.0,333.0,270.0,,20260427T031050Z_43a07e7c,0.62,0.3,0.38,0.02,sparse,0.063063063063063,,,,,,,,,
LogisticRegression,C=1.4,1,12000,6,24,0.9009009009009008,0.9349112426035504,1.0,0.8777777777777778,0.5703703703703704,0.2553897180762852,0.5735735735735735,0.3817523244538247,0.5857142857142857,0.6428571428571429,0.3170731707317073,10.0,1177.0,333.0,270.0,,20260427T031050Z_43a07e7c,0.62,0.35,0.38,0.02,sparse,0.069069069069069,,,,,,,,,
SGDClassifier,alpha=2e-5,1,12000,6,24,0.9069069069069068,0.9418386491557224,0.9543726235741444,0.9296296296296296,0.6037037037037037,0.2599681020733652,0.6036036036036037,0.3781384367321867,0.6142857142857143,0.6428571428571429,0.3170731707317073,10.0,1177.0,333.0,270.0,,20260427T031050Z_43a07e7c,0.5,0.35,0.38,0.06,sparse,0.024024024024024,,,,,,,,,
SGDClassifier,alpha=8e-5,1,12000,6,24,0.90990990990991,0.9411764705882352,1.0,0.8888888888888888,0.5962962962962963,0.2567783094098884,0.6096096096096096,0.3885345804988662,0.6214285714285714,0.65,0.3170731707317073,10.0,1177.0,333.0,270.0,,20260427T031050Z_43a07e7c,0.55,0.35,0.38,0.02,sparse,0.045045045045045,,,,,,,,,
RidgeClassifier,alpha=0.8,1,12000,6,24,0.9129129129129128,0.943248532289628,1.0,0.8925925925925926,0.5851851851851851,0.2538152610441767,0.5345345345345346,0.3551904795770808,0.5142857142857142,0.6,0.2682926829268293,10.0,1177.0,333.0,270.0,,20260427T031050Z_43a07e7c,0.55,0.4,0.38,0.02,sparse,0.1651651651651651,,,,,,,,,
RidgeClassifier,alpha=1.8,1,12000,6,24,0.8978978978978979,0.932806324110672,1.0,0.8740740740740741,0.5592592592592592,0.2504145936981758,0.5195195195195195,0.3579612939285964,0.5071428571428571,0.5785714285714286,0.2682926829268293,10.0,1177.0,333.0,270.0,,20260427T031050Z_43a07e7c,0.55,0.4,0.38,0.02,sparse,0.1681681681681681,,,,,,,,,
DummyMostFrequent,most_frequent,1,12000,9,24,0.8108108108108109,0.8955223880597015,0.8108108108108109,1.0,0.6777777777777778,0.2693156732891832,0.5495495495495496,0.1773255813953488,0.4928571428571429,0.4928571428571429,0.3170731707317073,10.0,1177.0,333.0,270.0,,20260427T031050Z_43a07e7c,0.45,0.3,0.38,0.02,sparse,0.0,,,,,,,,,
LogisticRegression,C=0.6,1,12000,9,24,0.8948948948948949,0.930966469428008,0.9957805907172996,0.8740740740740741,0.5185185185185185,0.2462620932277924,0.5315315315315315,0.3723659003831417,0.5071428571428571,0.6071428571428571,0.3170731707317073,10.0,1177.0,333.0,270.0,,20260427T031050Z_43a07e7c,0.55,0.3,0.38,0.02,sparse,0.066066066066066,,,,,,,,,
LogisticRegression,C=1.4,1,12000,9,24,0.8948948948948949,0.930966469428008,0.9957805907172996,0.8740740740740741,0.5703703703703704,0.2547559966914806,0.5675675675675675,0.3807863332319854,0.55,0.6285714285714286,0.3170731707317073,10.0,1177.0,333.0,270.0,,20260427T031050Z_43a07e7c,0.62,0.35,0.38,0.02,sparse,0.072072072072072,,,,,,,,,
SGDClassifier,alpha=2e-5,1,12000,9,24,0.924924924924925,0.952561669829222,0.9766536964980544,0.9296296296296296,0.6407407407407407,0.2651340996168582,0.6516516516516516,0.3941099521498158,0.6285714285714286,0.6571428571428571,0.3170731707317073,10.0,1177.0,333.0,270.0,,20260427T031050Z_43a07e7c,0.45,0.4,0.38,0.02,sparse,0.006006006006006,,,,,,,,,
SGDClassifier,alpha=8e-5,1,12000,9,24,0.8918918918918919,0.9288537549407114,0.9957627118644068,0.8703703703703703,0.6370370370370371,0.2648190916089299,0.6216216216216216,0.3926916911803562,0.6357142857142857,0.6428571428571429,0.3170731707317073,10.0,1177.0,333.0,270.0,,20260427T031050Z_43a07e7c,0.62,0.3,0.38,0.02,sparse,0.06006006006006,,,,,,,,,
RidgeClassifier,alpha=0.8,1,12000,9,24,0.9039039039039038,0.9372549019607844,0.9958333333333332,0.8851851851851852,0.5962962962962963,0.2638176638176638,0.5345345345345346,0.3598073912475297,0.5214285714285715,0.5928571428571429,0.2926829268292683,10.0,1177.0,333.0,270.0,,20260427T031050Z_43a07e7c,0.55,0.4,0.38,0.02,sparse,0.1741741741741741,,,,,,,,,
RidgeClassifier,alpha=1.8,1,12000,9,24,0.8948948948948949,0.9306930693069309,1.0,0.8703703703703703,0.5740740740740741,0.2609053497942387,0.5135135135135135,0.3548063297118564,0.5285714285714286,0.5785714285714286,0.2926829268292683,10.0,1177.0,333.0,270.0,,20260427T031050Z_43a07e7c,0.55,0.4,0.38,0.02,sparse,0.1771771771771771,,,,,,,,,
DummyMostFrequent,most_frequent,1,12000,6,24,0.8108108108108109,0.8955223880597015,0.8108108108108109,1.0,0.6777777777777778,0.2693156732891832,0.5495495495495496,0.1773255813953488,0.4928571428571429,0.4928571428571429,0.3170731707317073,10.0,1177.0,333.0,270.0,,20260427T023631Z_76be5bac,0.45,0.3,0.38,0.02,sparse,0.0,,,,,,,,,
LogisticRegression,C=0.6,1,12000,6,24,0.8978978978978979,0.932806324110672,1.0,0.8740740740740741,0.5148148148148148,0.2425828970331588,0.5375375375375375,0.3711316852161922,0.5214285714285715,0.6071428571428571,0.3170731707317073,10.0,1177.0,333.0,270.0,,20260427T023631Z_76be5bac,0.62,0.3,0.38,0.02,sparse,0.063063063063063,,,,,,,,,
LogisticRegression,C=1.4,1,12000,6,24,0.9009009009009008,0.9349112426035504,1.0,0.8777777777777778,0.5703703703703704,0.2553897180762852,0.5735735735735735,0.3817523244538247,0.5857142857142857,0.6428571428571429,0.3170731707317073,10.0,1177.0,333.0,270.0,,20260427T023631Z_76be5bac,0.62,0.35,0.38,0.02,sparse,0.069069069069069,,,,,,,,,
SGDClassifier,alpha=2e-5,1,12000,6,24,0.9069069069069068,0.9418386491557224,0.9543726235741444,0.9296296296296296,0.6037037037037037,0.2599681020733652,0.6036036036036037,0.3781384367321867,0.6142857142857143,0.6428571428571429,0.3170731707317073,10.0,1177.0,333.0,270.0,,20260427T023631Z_76be5bac,0.5,0.35,0.38,0.06,sparse,0.024024024024024,,,,,,,,,
SGDClassifier,alpha=8e-5,1,12000,6,24,0.90990990990991,0.9411764705882352,1.0,0.8888888888888888,0.5962962962962963,0.2567783094098884,0.6096096096096096,0.3885345804988662,0.6214285714285714,0.65,0.3170731707317073,10.0,1177.0,333.0,270.0,,20260427T023631Z_76be5bac,0.55,0.35,0.38,0.02,sparse,0.045045045045045,,,,,,,,,
RidgeClassifier,alpha=0.8,1,12000,6,24,0.9129129129129128,0.943248532289628,1.0,0.8925925925925926,0.5851851851851851,0.2538152610441767,0.5345345345345346,0.3551904795770808,0.5142857142857142,0.6,0.2682926829268293,10.0,1177.0,333.0,270.0,,20260427T023631Z_76be5bac,0.55,0.4,0.38,0.02,sparse,0.1651651651651651,,,,,,,,,
RidgeClassifier,alpha=1.8,1,12000,6,24,0.8978978978978979,0.932806324110672,1.0,0.8740740740740741,0.5592592592592592,0.2504145936981758,0.5195195195195195,0.3579612939285964,0.5071428571428571,0.5785714285714286,0.2682926829268293,10.0,1177.0,333.0,270.0,,20260427T023631Z_76be5bac,0.55,0.4,0.38,0.02,sparse,0.1681681681681681,,,,,,,,,
DummyMostFrequent,most_frequent,1,12000,9,24,0.8108108108108109,0.8955223880597015,0.8108108108108109,1.0,0.6777777777777778,0.2693156732891832,0.5495495495495496,0.1773255813953488,0.4928571428571429,0.4928571428571429,0.3170731707317073,10.0,1177.0,333.0,270.0,,20260427T023631Z_76be5bac,0.45,0.3,0.38,0.02,sparse,0.0,,,,,,,,,
LogisticRegression,C=0.6,1,12000,9,24,0.8948948948948949,0.930966469428008,0.9957805907172996,0.8740740740740741,0.5185185185185185,0.2462620932277924,0.5315315315315315,0.3723659003831417,0.5071428571428571,0.6071428571428571,0.3170731707317073,10.0,1177.0,333.0,270.0,,20260427T023631Z_76be5bac,0.55,0.3,0.38,0.02,sparse,0.066066066066066,,,,,,,,,
LogisticRegression,C=1.4,1,12000,9,24,0.8948948948948949,0.930966469428008,0.9957805907172996,0.8740740740740741,0.5703703703703704,0.2547559966914806,0.5675675675675675,0.3807863332319854,0.55,0.6285714285714286,0.3170731707317073,10.0,1177.0,333.0,270.0,,20260427T023631Z_76be5bac,0.62,0.35,0.38,0.02,sparse,0.072072072072072,,,,,,,,,
SGDClassifier,alpha=2e-5,1,12000,9,24,0.924924924924925,0.952561669829222,0.9766536964980544,0.9296296296296296,0.6407407407407407,0.2651340996168582,0.6516516516516516,0.3941099521498158,0.6285714285714286,0.6571428571428571,0.3170731707317073,10.0,1177.0,333.0,270.0,,20260427T023631Z_76be5bac,0.45,0.4,0.38,0.02,sparse,0.006006006006006,,,,,,,,,
SGDClassifier,alpha=8e-5,1,12000,9,24,0.8918918918918919,0.9288537549407114,0.9957627118644068,0.8703703703703703,0.6370370370370371,0.2648190916089299,0.6216216216216216,0.3926916911803562,0.6357142857142857,0.6428571428571429,0.3170731707317073,10.0,1177.0,333.0,270.0,,20260427T023631Z_76be5bac,0.62,0.3,0.38,0.02,sparse,0.06006006006006,,,,,,,,,
RidgeClassifier,alpha=0.8,1,12000,9,24,0.9039039039039038,0.9372549019607844,0.9958333333333332,0.8851851851851852,0.5962962962962963,0.2638176638176638,0.5345345345345346,0.3598073912475297,0.5214285714285715,0.5928571428571429,0.2926829268292683,10.0,1177.0,333.0,270.0,,20260427T023631Z_76be5bac,0.55,0.4,0.38,0.02,sparse,0.1741741741741741,,,,,,,,,
RidgeClassifier,alpha=1.8,1,12000,9,24,0.8948948948948949,0.9306930693069309,1.0,0.8703703703703703,0.5740740740740741,0.2609053497942387,0.5135135135135135,0.3548063297118564,0.5285714285714286,0.5785714285714286,0.2926829268292683,10.0,1177.0,333.0,270.0,,20260427T023631Z_76be5bac,0.55,0.4,0.38,0.02,sparse,0.1771771771771771,,,,,,,,,
DummyMostFrequent,most_frequent,1,12000,9,24,0.8178807947019867,0.8998178506375227,0.8178807947019867,1.0,0.6477732793522267,0.3931203931203931,0.5298013245033113,0.1731601731601731,0.475,0.475,0.3333333333333333,10.0,1057.0,302.0,,,20260427T042219Z_f79637fa,0.45,0.3,0.38,0.02,sparse,0.0,"lower,maintain",151.0,302.0,247.0,,,,,
LogisticRegression,C=0.6,1,12000,9,24,0.9172185430463576,0.9471458773784356,0.991150442477876,0.9068825910931174,0.0040485829959514,0.0061728395061728,0.1456953642384106,0.1933519064787501,0.175,0.15,0.0,10.0,1057.0,302.0,,,20260427T042219Z_f79637fa,0.62,0.35,0.38,0.02,sparse,0.0596026490066225,"lower,maintain",151.0,302.0,247.0,,,,,
LogisticRegression,C=1.4,1,12000,9,24,0.9172185430463576,0.9471458773784356,0.991150442477876,0.9068825910931174,0.0040485829959514,0.0061728395061728,0.1490066225165563,0.2012846179512846,0.175,0.15,0.0,10.0,1057.0,302.0,,,20260427T042219Z_f79637fa,0.62,0.35,0.38,0.02,sparse,0.0662251655629139,"lower,maintain",151.0,302.0,247.0,,,,,
SGDClassifier,alpha=2e-5,1,12000,9,24,0.9172185430463576,0.948024948024948,0.9743589743589745,0.9230769230769232,0.1012145748987854,0.1225490196078431,0.2119205298013245,0.2406773554314538,0.1875,0.1625,0.0,10.0,1057.0,302.0,,,20260427T042219Z_f79637fa,0.45,0.35,0.38,0.06,sparse,0.5198675496688742,"lower,maintain",151.0,302.0,247.0,,,,,
SGDClassifier,alpha=8e-5,1,12000,9,24,0.9105960264900662,0.9440993788819876,0.9661016949152542,0.9230769230769232,0.0364372469635627,0.0523255813953488,0.1556291390728476,0.2091470815403288,0.15,0.1375,0.0,10.0,1057.0,302.0,,,20260427T042219Z_f79637fa,0.62,0.4,0.38,0.02,sparse,0.0529801324503311,"lower,maintain",151.0,302.0,247.0,,,,,
RidgeClassifier,alpha=0.8,1,12000,9,24,0.8576158940397351,0.9046563192904656,1.0,0.8259109311740891,0.0,0.0,0.0960264900662251,0.1593406593406593,0.1,0.15,0.0,10.0,1057.0,302.0,,,20260427T042219Z_f79637fa,0.62,0.4,0.38,0.1,sparse,0.2119205298013245,"lower,maintain",151.0,302.0,247.0,,,,,
RidgeClassifier,alpha=1.8,1,12000,9,24,0.8543046357615894,0.9022222222222224,1.0,0.8218623481781376,0.0,0.0,0.1125827814569536,0.1770833333333333,0.1125,0.15,0.0,10.0,1057.0,302.0,,,20260427T042219Z_f79637fa,0.62,0.4,0.38,0.1,sparse,0.1920529801324503,"lower,maintain",151.0,302.0,247.0,,,,,
DummyMostFrequent,most_frequent,1,12000,9,24,0.8178807947019867,0.8998178506375227,0.8178807947019867,1.0,0.6477732793522267,0.3931203931203931,0.5298013245033113,0.1731601731601731,0.475,0.475,0.3333333333333333,10.0,1057.0,302.0,,,20260427T043326Z_832d7650,0.45,0.3,0.38,0.02,sparse,0.0,"lower,maintain",151.0,302.0,247.0,,,,,
LogisticRegression,C=0.6,1,12000,9,24,0.8807947019867549,0.9318181818181818,0.8754448398576512,0.9959514170040484,0.6477732793522267,0.5008710194411539,0.5529801324503312,0.2977696353277574,0.55,0.5,0.3333333333333333,10.0,1057.0,302.0,,,20260427T043326Z_832d7650,0.45,0.3,0.38,0.02,sparse,0.0496688741721854,"lower,maintain",151.0,302.0,247.0,,,,,
LogisticRegression,C=1.4,1,12000,9,24,0.8774834437086093,0.9297912713472486,0.875,0.9919028340080972,0.6680161943319838,0.520501893939394,0.5728476821192053,0.3149255541215906,0.5625,0.525,0.3333333333333333,10.0,1057.0,302.0,,,20260427T043326Z_832d7650,0.5,0.35,0.38,0.02,sparse,0.0562913907284768,"lower,maintain",151.0,302.0,247.0,,,,,
SGDClassifier,alpha=2e-5,1,12000,9,24,0.8874172185430463,0.9348659003831418,0.8872727272727273,0.9878542510121456,0.6477732793522267,0.4140375753278978,0.5960264900662252,0.3277389663700568,0.5875,0.5625,0.3333333333333333,10.0,1057.0,302.0,,,20260427T043326Z_832d7650,0.62,0.4,0.38,0.02,sparse,0.0132450331125827,"lower,maintain",151.0,302.0,247.0,,,,,
SGDClassifier,alpha=8e-5,1,12000,9,24,0.8443708609271523,0.9128014842300556,0.8424657534246576,0.9959514170040484,0.6275303643724697,0.414450628736343,0.5331125827814569,0.2500310626533718,0.525,0.5,0.3333333333333333,10.0,1057.0,302.0,,,20260427T043326Z_832d7650,0.45,0.4,0.38,0.02,sparse,0.0165562913907284,"lower,maintain",151.0,302.0,247.0,,,,,
RidgeClassifier,alpha=0.8,1,12000,9,24,0.8807947019867549,0.9213973799126638,1.0,0.854251012145749,0.6639676113360324,0.4980781001346554,0.5463576158940397,0.3732954545454545,0.4625,0.5,0.3333333333333333,10.0,1057.0,302.0,,,20260427T043326Z_832d7650,0.62,0.4,0.38,0.02,sparse,0.2417218543046357,"lower,maintain",151.0,302.0,247.0,,,,,
RidgeClassifier,alpha=1.8,1,12000,9,24,0.8807947019867549,0.9213973799126638,1.0,0.854251012145749,0.6680161943319838,0.5265987284966342,0.5463576158940397,0.3902229721933772,0.45,0.5,0.3333333333333333,10.0,1057.0,302.0,,,20260427T043326Z_832d7650,0.62,0.4,0.38,0.02,sparse,0.23841059602649,"lower,maintain",151.0,302.0,247.0,,,,,
DummyMostFrequent,most_frequent,1,12000,9,24,0.8178807947019867,0.8998178506375227,0.8178807947019867,1.0,0.6477732793522267,0.3931203931203931,0.5298013245033113,0.1731601731601731,0.475,0.475,0.3333333333333333,10.0,1057.0,302.0,,,20260427T044515Z_59c7ff1c,0.4,0.25,0.3,0.0,sparse,0.0,"lower,maintain",151.0,302.0,247.0,,,,,
LogisticRegression,C=0.6,1,12000,9,24,0.8807947019867549,0.9318181818181818,0.8754448398576512,0.9959514170040484,0.6477732793522267,0.5008710194411539,0.5562913907284768,0.2980458392357706,0.55,0.5,0.3333333333333333,10.0,1057.0,302.0,,,20260427T044515Z_59c7ff1c,0.45,0.3,0.3,0.0,sparse,0.043046357615894,"lower,maintain",151.0,302.0,247.0,,,,,
LogisticRegression,C=1.4,1,12000,9,24,0.8708609271523179,0.926829268292683,0.8636363636363636,1.0,0.6680161943319838,0.520501893939394,0.5794701986754967,0.3190464381953743,0.5625,0.525,0.3333333333333333,10.0,1057.0,302.0,,,20260427T044515Z_59c7ff1c,0.4,0.35,0.3,0.0,sparse,0.0198675496688741,"lower,maintain",151.0,302.0,247.0,,,,,
SGDClassifier,alpha=2e-5,1,12000,9,24,0.8874172185430463,0.9348659003831418,0.8872727272727273,0.9878542510121456,0.6477732793522267,0.4140375753278978,0.5960264900662252,0.3277389663700568,0.5875,0.5625,0.3333333333333333,10.0,1057.0,302.0,,,20260427T044515Z_59c7ff1c,0.62,0.4,0.3,0.0,sparse,0.0132450331125827,"lower,maintain",151.0,302.0,247.0,,,,,
SGDClassifier,alpha=8e-5,1,12000,9,24,0.8443708609271523,0.9128014842300556,0.8424657534246576,0.9959514170040484,0.6275303643724697,0.414450628736343,0.5364238410596026,0.25,0.525,0.5,0.3333333333333333,10.0,1057.0,302.0,,,20260427T044515Z_59c7ff1c,0.45,0.4,0.3,0.0,sparse,0.0066225165562913,"lower,maintain",151.0,302.0,247.0,,,,,
RidgeClassifier,alpha=0.8,1,12000,9,24,0.9006622516556292,0.9404761904761904,0.9221789883268484,0.9595141700404858,0.6639676113360324,0.4980781001346554,0.5993377483443708,0.3753164406940362,0.5375,0.55,0.3333333333333333,10.0,1057.0,302.0,,,20260427T044515Z_59c7ff1c,0.45,0.4,0.3,0.0,sparse,0.0662251655629139,"lower,maintain",151.0,302.0,247.0,,,,,
RidgeClassifier,alpha=1.8,1,12000,9,24,0.8807947019867549,0.9213973799126638,1.0,0.854251012145749,0.6680161943319838,0.5265987284966342,0.5629139072847682,0.3997446053161711,0.45,0.5,0.3333333333333333,10.0,1057.0,302.0,,,20260427T044515Z_59c7ff1c,0.62,0.4,0.3,0.0,sparse,0.2152317880794702,"lower,maintain",151.0,302.0,247.0,,,,,
RidgeClassifier,alpha=0.3,1,3000,3,12,0.9162995594713657,0.9476584022038568,0.9717514124293786,0.9247311827956988,0.7258064516129032,0.5013397642015005,0.6475770925110133,0.5448859455481972,,,,,1057.0,227.0,,,20260427T223814Z_d99246f9,0.62,0.4,0.3,0.0,sparse,0.1233480176211453,"lower,maintain",226.0,227.0,186.0,0.4086644591611479,"no_rate_signal,lower,maintain",,,
RidgeClassifier,alpha=0.8,1,3000,3,12,0.920704845814978,0.9505494505494504,0.9719101123595506,0.9301075268817204,0.7365591397849462,0.5318230852211434,0.6563876651982379,0.5628637187920451,,,,,1057.0,227.0,,,20260427T223814Z_d99246f9,0.62,0.4,0.3,0.0,sparse,0.1277533039647577,"lower,maintain",226.0,227.0,186.0,0.4221477890940338,"no_rate_signal,lower,maintain",,,
RidgeClassifier,alpha=1.8,1,3000,3,12,0.920704845814978,0.9505494505494504,0.9719101123595506,0.9301075268817204,0.7258064516129032,0.5357964276975776,0.6519823788546255,0.5689398127209072,,,,,1057.0,227.0,,,20260427T223814Z_d99246f9,0.62,0.4,0.3,0.0,sparse,0.118942731277533,"lower,maintain",226.0,227.0,186.0,0.4267048595406804,"no_rate_signal,lower,maintain",,,
RidgeClassifier,alpha=3.2,1,3000,3,12,0.933920704845815,0.9591280653950952,0.9723756906077348,0.946236559139785,0.6989247311827957,0.5177777777777778,0.6431718061674009,0.565387633396108,,,,,1057.0,227.0,,,20260427T223814Z_d99246f9,0.55,0.4,0.3,0.0,sparse,0.1013215859030837,"lower,maintain",226.0,227.0,186.0,0.424040725047081,"no_rate_signal,lower,maintain",,,
RidgeClassifier,alpha=0.3,1,3000,3,12,0.9162995594713657,0.9476584022038568,0.9717514124293786,0.9247311827956988,0.7258064516129032,0.5013397642015005,0.6475770925110133,0.5448859455481972,0.925,0.95,0.5714285714285714,10.0,1057.0,227.0,,,20260427T224310Z_14b0e850,0.62,0.4,0.3,0.0,sparse,0.1233480176211453,"lower,maintain",226.0,227.0,186.0,0.4086644591611479,"no_rate_signal,lower,maintain",,,
RidgeClassifier,alpha=0.8,1,3000,3,12,0.920704845814978,0.9505494505494504,0.9719101123595506,0.9301075268817204,0.7365591397849462,0.5318230852211434,0.6563876651982379,0.5628637187920451,0.925,0.925,0.5,10.0,1057.0,227.0,,,20260427T224310Z_14b0e850,0.62,0.4,0.3,0.0,sparse,0.1277533039647577,"lower,maintain",226.0,227.0,186.0,0.4221477890940338,"no_rate_signal,lower,maintain",,,
RidgeClassifier,alpha=1.8,1,3000,3,12,0.920704845814978,0.9505494505494504,0.9719101123595506,0.9301075268817204,0.7258064516129032,0.5357964276975776,0.6519823788546255,0.5689398127209072,0.95,0.9,0.5,10.0,1057.0,227.0,,,20260427T224310Z_14b0e850,0.62,0.4,0.3,0.0,sparse,0.118942731277533,"lower,maintain",226.0,227.0,186.0,0.4267048595406804,"no_rate_signal,lower,maintain",,,
RidgeClassifier,alpha=3.2,1,3000,3,12,0.933920704845815,0.9591280653950952,0.9723756906077348,0.946236559139785,0.6989247311827957,0.5177777777777778,0.6431718061674009,0.565387633396108,0.95,0.925,0.5,10.0,1057.0,227.0,,,20260427T224310Z_14b0e850,0.55,0.4,0.3,0.0,sparse,0.1013215859030837,"lower,maintain",226.0,227.0,186.0,0.424040725047081,"no_rate_signal,lower,maintain",,,
RidgeClassifier,alpha=0.3,1,3000,3,12,0.9162995594713657,0.9476584022038568,0.9717514124293786,0.9247311827956988,0.7258064516129032,0.5013397642015005,0.6519823788546255,0.5638548247243899,0.925,0.925,0.5,10.0,1057.0,227.0,,,20260427T225125Z_7d7745de,0.62,0.4,0.3,0.0,sparse,0.1233480176211453,"lower,maintain",226.0,227.0,186.0,0.4228911185432924,"no_rate_signal,lower,maintain",0.35,0.25,
RidgeClassifier,alpha=0.8,1,3000,3,12,0.920704845814978,0.9505494505494504,0.9719101123595506,0.9301075268817204,0.7365591397849462,0.5318230852211434,0.6387665198237885,0.5733627715102037,0.925,0.925,0.5,10.0,1057.0,227.0,,,20260427T225125Z_7d7745de,0.62,0.4,0.3,0.0,sparse,0.1277533039647577,"lower,maintain",226.0,227.0,186.0,0.4300220786326527,"no_rate_signal,lower,maintain",0.35,0.25,
RidgeClassifier,alpha=1.8,1,3000,3,12,0.920704845814978,0.9505494505494504,0.9719101123595506,0.9301075268817204,0.7258064516129032,0.5357964276975776,0.6387665198237885,0.5614512471655329,0.95,0.9,0.5,10.0,1057.0,227.0,,,20260427T225125Z_7d7745de,0.62,0.4,0.3,0.0,sparse,0.118942731277533,"lower,maintain",226.0,227.0,186.0,0.4210884353741496,"no_rate_signal,lower,maintain",0.4,0.15,
RidgeClassifier,alpha=3.2,1,3000,3,12,0.933920704845815,0.9591280653950952,0.9723756906077348,0.946236559139785,0.6989247311827957,0.5177777777777778,0.5859030837004405,0.5513010540184453,0.925,0.9,0.5,10.0,1057.0,227.0,,,20260427T225125Z_7d7745de,0.55,0.4,0.3,0.0,sparse,0.1013215859030837,"lower,maintain",226.0,227.0,186.0,0.413475790513834,"no_rate_signal,lower,maintain",0.35,0.15,
RidgeClassifier,alpha=0.3,1,3000,3,12,0.9162995594713657,0.9476584022038568,0.9717514124293786,0.9247311827956988,0.7258064516129032,0.5013397642015005,0.6519823788546255,0.5638548247243899,0.925,0.925,0.5,10.0,1057.0,227.0,,,20260428T005807Z_7c39ed2a,0.62,0.4,0.3,0.0,sparse,0.1233480176211453,"lower,maintain",226.0,227.0,186.0,0.4228911185432924,"no_rate_signal,lower,maintain",0.35,0.25,
RidgeClassifier,alpha=0.8,1,3000,3,12,0.920704845814978,0.9505494505494504,0.9719101123595506,0.9301075268817204,0.7365591397849462,0.5318230852211434,0.6387665198237885,0.5733627715102037,0.925,0.925,0.5,10.0,1057.0,227.0,,,20260428T005807Z_7c39ed2a,0.62,0.4,0.3,0.0,sparse,0.1277533039647577,"lower,maintain",226.0,227.0,186.0,0.4300220786326527,"no_rate_signal,lower,maintain",0.35,0.25,
RidgeClassifier,alpha=1.8,1,3000,3,12,0.920704845814978,0.9505494505494504,0.9719101123595506,0.9301075268817204,0.7258064516129032,0.5357964276975776,0.6387665198237885,0.5614512471655329,0.95,0.9,0.5,10.0,1057.0,227.0,,,20260428T005807Z_7c39ed2a,0.62,0.4,0.3,0.0,sparse,0.118942731277533,"lower,maintain",226.0,227.0,186.0,0.4210884353741496,"no_rate_signal,lower,maintain",0.4,0.15,
RidgeClassifier,alpha=3.2,1,3000,3,12,0.933920704845815,0.9591280653950952,0.9723756906077348,0.946236559139785,0.6989247311827957,0.5177777777777778,0.5859030837004405,0.5513010540184453,0.925,0.9,0.5,10.0,1057.0,227.0,,,20260428T005807Z_7c39ed2a,0.55,0.4,0.3,0.0,sparse,0.1013215859030837,"lower,maintain",226.0,227.0,186.0,0.413475790513834,"no_rate_signal,lower,maintain",0.35,0.15,
RidgeClassifier,alpha=0.3,1,3000,3,12,0.9074889867841408,0.9427792915531336,0.9558011049723756,0.9301075268817204,0.7473118279569892,0.6847527472527473,0.6431718061674009,0.6430021962675969,0.7,0.775,0.4285714285714285,15.0,1057.0,227.0,,,20260428T010604Z_7d8bb08a,0.55,0.4,0.3,0.0,sparse,0.0837004405286343,"lower,maintain",226.0,227.0,186.0,0.4822516472006977,"no_rate_signal,lower,maintain",0.35,0.25,
RidgeClassifier,alpha=0.8,1,3000,3,12,0.9162995594713657,0.948509485094851,0.9562841530054644,0.9408602150537636,0.7365591397849462,0.6749063670411986,0.6123348017621145,0.6119040263618577,0.725,0.75,0.4285714285714285,20.0,1057.0,227.0,,,20260428T010604Z_7d8bb08a,0.55,0.4,0.3,0.0,sparse,0.0881057268722467,"lower,maintain",226.0,227.0,186.0,0.4589280197713933,"no_rate_signal,lower,maintain",0.4,0.15,
RidgeClassifier,alpha=1.8,1,3000,3,12,0.9118942731277532,0.9456521739130436,0.956043956043956,0.935483870967742,0.6881720430107527,0.6400640597891365,0.6035242290748899,0.6134218144140315,0.675,0.725,0.2857142857142857,20.0,1057.0,227.0,,,20260428T010604Z_7d8bb08a,0.55,0.4,0.3,0.0,sparse,0.0837004405286343,"lower,maintain",226.0,227.0,186.0,0.4600663608105236,"no_rate_signal,lower,maintain",0.4,0.05,
RidgeClassifier,alpha=3.2,1,3000,3,12,0.9118942731277532,0.9456521739130436,0.956043956043956,0.935483870967742,0.6397849462365591,0.6079529367351433,0.5903083700440529,0.6042846885245065,0.7,0.675,0.2857142857142857,20.0,1057.0,227.0,,,20260428T010604Z_7d8bb08a,0.55,0.4,0.3,0.0,sparse,0.0837004405286343,"lower,maintain",226.0,227.0,186.0,0.4532135163933798,"no_rate_signal,lower,maintain",1.01,0.05,
LogisticRegression,C=0.25,1,3000,3,12,0.9383259911894272,0.9617486338797814,0.9777777777777776,0.946236559139785,0.2956989247311828,0.2384435067979371,0.3700440528634361,0.420125590002703,0.05,0.05,0.0714285714285714,10.0,1057.0,227.0,,,20260428T011012Z_b0e52d49,0.55,0.4,0.3,0.0,sparse,0.026431718061674,"lower,maintain",226.0,227.0,186.0,0.3150941925020273,"no_rate_signal,lower,maintain",0.3,0.05,
LogisticRegression,C=0.6,1,3000,3,12,0.9295154185022028,0.9565217391304348,0.967032967032967,0.946236559139785,0.3010752688172043,0.2466350947158524,0.3568281938325991,0.4137904593379045,0.05,0.05,0.0714285714285714,10.0,1057.0,227.0,,,20260428T011012Z_b0e52d49,0.62,0.4,0.3,0.0,sparse,0.0484581497797356,"lower,maintain",226.0,227.0,186.0,0.3103428445034284,"no_rate_signal,lower,maintain",1.01,0.05,
LogisticRegression,C=1.4,1,3000,3,12,0.920704845814978,0.9518716577540108,0.946808510638298,0.956989247311828,0.3118279569892473,0.2627276105536975,0.3700440528634361,0.4270860482401887,0.05,0.075,0.0714285714285714,10.0,1057.0,227.0,,,20260428T011012Z_b0e52d49,0.62,0.4,0.3,0.0,sparse,0.026431718061674,"lower,maintain",226.0,227.0,186.0,0.3203145361801415,"no_rate_signal,lower,maintain",1.01,0.05,
LogisticRegression,C=2.4,1,3000,3,12,0.9251101321585904,0.9551451187335092,0.9378238341968912,0.9731182795698924,0.3118279569892473,0.2636996952167693,0.3700440528634361,0.4216637709331197,0.05,0.075,0.0714285714285714,10.0,1057.0,227.0,,,20260428T011012Z_b0e52d49,0.55,0.4,0.3,0.0,sparse,0.0044052863436123,"lower,maintain",226.0,227.0,186.0,0.3162478281998397,"no_rate_signal,lower,maintain",0.4,0.05,
SGDClassifier,alpha=5e-6,1,3000,3,12,0.9251101321585904,0.9539295392953928,0.9617486338797814,0.946236559139785,0.2849462365591398,0.3323378131740501,0.3656387665198238,0.4742935482065917,0.2,0.2,0.0714285714285714,20.0,1057.0,227.0,,,20260428T011012Z_b0e52d49,0.55,0.3,0.3,0.0,sparse,0.0,"lower,maintain",226.0,227.0,186.0,0.3557201611549437,"no_rate_signal,lower,maintain",0.3,0.05,
SGDClassifier,alpha=2e-5,1,3000,3,12,0.920704845814978,0.9528795811518324,0.9285714285714286,0.978494623655914,0.4032258064516129,0.4522783700890901,0.4361233480176211,0.5340089316386122,0.125,0.2,0.0714285714285714,35.0,1057.0,227.0,,,20260428T011012Z_b0e52d49,0.55,0.3,0.3,0.0,sparse,0.0044052863436123,"lower,maintain",226.0,227.0,186.0,0.4005066987289591,"no_rate_signal,lower,maintain",1.01,0.05,
SGDClassifier,alpha=8e-5,1,3000,3,12,0.933920704845815,0.9606299212598424,0.9384615384615383,0.9838709677419356,0.3387096774193548,0.3740245664739884,0.3964757709251101,0.4991864073261182,0.25,0.225,0.0714285714285714,40.0,1057.0,227.0,,,20260428T011012Z_b0e52d49,0.55,0.4,0.3,0.0,sparse,0.0,"lower,maintain",226.0,227.0,186.0,0.3743898054945886,"no_rate_signal,lower,maintain",1.01,0.05,
RidgeClassifier,alpha=0.3,1,3000,3,12,0.9074889867841408,0.9427792915531336,0.9558011049723756,0.9301075268817204,0.7473118279569892,0.6847527472527473,0.6431718061674009,0.6430021962675969,0.7,0.775,0.4285714285714285,15.0,1057.0,227.0,,,20260428T011012Z_b0e52d49,0.55,0.4,0.3,0.0,sparse,0.0837004405286343,"lower,maintain",226.0,227.0,186.0,0.4822516472006977,"no_rate_signal,lower,maintain",0.35,0.25,
RidgeClassifier,alpha=0.8,1,3000,3,12,0.9162995594713657,0.948509485094851,0.9562841530054644,0.9408602150537636,0.7365591397849462,0.6749063670411986,0.6123348017621145,0.6119040263618577,0.725,0.75,0.4285714285714285,20.0,1057.0,227.0,,,20260428T011012Z_b0e52d49,0.55,0.4,0.3,0.0,sparse,0.0881057268722467,"lower,maintain",226.0,227.0,186.0,0.4589280197713933,"no_rate_signal,lower,maintain",0.4,0.15,
RidgeClassifier,alpha=1.8,1,3000,3,12,0.9118942731277532,0.9456521739130436,0.956043956043956,0.935483870967742,0.6881720430107527,0.6400640597891365,0.6035242290748899,0.6134218144140315,0.675,0.725,0.2857142857142857,20.0,1057.0,227.0,,,20260428T011012Z_b0e52d49,0.55,0.4,0.3,0.0,sparse,0.0837004405286343,"lower,maintain",226.0,227.0,186.0,0.4600663608105236,"no_rate_signal,lower,maintain",0.4,0.05,
RidgeClassifier,alpha=3.2,1,3000,3,12,0.9118942731277532,0.9456521739130436,0.956043956043956,0.935483870967742,0.6397849462365591,0.6079529367351433,0.5903083700440529,0.6042846885245065,0.7,0.675,0.2857142857142857,20.0,1057.0,227.0,,,20260428T011012Z_b0e52d49,0.55,0.4,0.3,0.0,sparse,0.0837004405286343,"lower,maintain",226.0,227.0,186.0,0.4532135163933798,"no_rate_signal,lower,maintain",1.01,0.05,
DummyMostFrequent,most_frequent,1,12000,6,24,0.7755102040816326,0.8735632183908046,0.7755102040816326,1.0,0.6842105263157895,0.40625,0.5306122448979592,0.2311111111111111,0.5,0.5,0.3333333333333333,10.0,909.0,196.0,,,20260428T062736Z_3b4788d7,0.4,0.25,0.3,0.0,sparse,0.0,"lower,maintain",195.0,196.0,152.0,0.1733333333333333,"no_rate_signal,lower,maintain",1.01,0.0,DummyMostFrequent
LogisticRegression,C=0.25,1,12000,6,24,0.9183673469387756,0.9448275862068966,0.9927536231884058,0.9013157894736842,0.0197368421052631,0.0491803278688524,0.2193877551020408,0.3040091638029782,0.25,0.2166666666666666,0.0833333333333333,10.0,909.0,196.0,,,20260428T062736Z_3b4788d7,0.45,0.3,0.3,0.0,sparse,0.0255102040816326,"lower,maintain",195.0,196.0,152.0,0.2280068728522336,"no_rate_signal,lower,maintain",1.01,0.0,LogisticRegression
LogisticRegression,C=0.6,1,12000,6,24,0.9081632653061223,0.9375,0.9926470588235294,0.8881578947368421,0.0263157894736842,0.0603712671509281,0.2295918367346938,0.3150519978106185,0.25,0.2333333333333333,0.0833333333333333,10.0,909.0,196.0,,,20260428T062736Z_3b4788d7,0.5,0.35,0.3,0.0,sparse,0.0306122448979591,"lower,maintain",195.0,196.0,152.0,0.2362889983579638,"no_rate_signal,lower,maintain",1.01,0.0,LogisticRegression
LogisticRegression,C=1.4,1,12000,6,24,0.903061224489796,0.9337979094076656,0.9925925925925926,0.881578947368421,0.0197368421052631,0.0446115288220551,0.2193877551020408,0.3000409098347242,0.25,0.2166666666666666,0.0833333333333333,10.0,909.0,196.0,,,20260428T062736Z_3b4788d7,0.55,0.35,0.3,0.0,sparse,0.0408163265306122,"lower,maintain",195.0,196.0,152.0,0.2250306823760432,"no_rate_signal,lower,maintain",1.01,0.0,LogisticRegression
LogisticRegression,C=2.4,1,12000,6,24,0.903061224489796,0.9337979094076656,0.9925925925925926,0.881578947368421,0.0197368421052631,0.0446115288220551,0.2295918367346938,0.3078162578162578,0.25,0.2333333333333333,0.0833333333333333,10.0,909.0,196.0,,,20260428T062736Z_3b4788d7,0.55,0.4,0.3,0.0,sparse,0.0306122448979591,"lower,maintain",195.0,196.0,152.0,0.2308621933621933,"no_rate_signal,lower,maintain",1.01,0.0,LogisticRegression
SGDClassifier,alpha=5e-6,1,12000,6,24,0.8979591836734694,0.935064935064935,0.9230769230769232,0.9473684210526316,0.0197368421052631,0.0487394957983193,0.1785714285714285,0.2888996676858404,0.2166666666666666,0.1833333333333333,0.0833333333333333,10.0,909.0,196.0,,,20260428T062736Z_3b4788d7,0.4,0.25,0.3,0.0,sparse,0.0051020408163265,"lower,maintain",195.0,196.0,152.0,0.2166747507643803,"no_rate_signal,lower,maintain",1.01,0.0,SGDClassifier
SGDClassifier,alpha=2e-5,1,12000,6,24,0.9081632653061223,0.9387755102040816,0.971830985915493,0.9078947368421052,0.0131578947368421,0.0286647314949201,0.2040816326530612,0.2826980348361057,0.2,0.2,0.0833333333333333,10.0,909.0,196.0,,,20260428T062736Z_3b4788d7,0.62,0.3,0.3,0.06,sparse,0.0357142857142857,"lower,maintain",195.0,196.0,152.0,0.2120235261270792,"no_rate_signal,lower,maintain",1.01,0.0,SGDClassifier
SGDClassifier,alpha=8e-5,1,12000,6,24,0.8979591836734694,0.933774834437086,0.94,0.9276315789473684,0.0131578947368421,0.0294339622641509,0.1785714285714285,0.2750586884193815,0.1833333333333333,0.2,0.0833333333333333,10.0,909.0,196.0,,,20260428T062736Z_3b4788d7,0.4,0.25,0.3,0.1,sparse,0.0357142857142857,"lower,maintain",195.0,196.0,152.0,0.2062940163145361,"no_rate_signal,lower,maintain",1.01,0.0,SGDClassifier
RidgeClassifier,alpha=0.3,1,12000,6,24,0.8775510204081632,0.92,0.9324324324324323,0.9078947368421052,0.0263157894736842,0.0580836108028116,0.1377551020408163,0.235042735042735,0.15,0.1333333333333333,0.0,10.0,909.0,196.0,,,20260428T062736Z_3b4788d7,0.5,0.4,0.52,0.0,sparse,0.2346938775510204,"lower,maintain",195.0,196.0,152.0,0.1762820512820512,"no_rate_signal,lower,maintain",0.38,0.04,RidgeClassifier
RidgeClassifier,alpha=0.8,1,12000,6,24,0.8877551020408163,0.9230769230769232,0.9850746268656716,0.868421052631579,0.0197368421052631,0.0472596585804133,0.1530612244897959,0.2512617439242177,0.15,0.15,0.0,10.0,909.0,196.0,,,20260428T062736Z_3b4788d7,0.55,0.4,0.52,0.0,sparse,0.2806122448979591,"lower,maintain",195.0,196.0,152.0,0.1884463079431632,"no_rate_signal,lower,maintain",0.42,0.04,RidgeClassifier
RidgeClassifier,alpha=1.8,1,12000,6,24,0.8877551020408163,0.9230769230769232,0.9850746268656716,0.868421052631579,0.0197368421052631,0.0452380952380952,0.1632653061224489,0.2621564072783585,0.1666666666666666,0.15,0.0,10.0,909.0,196.0,,,20260428T062736Z_3b4788d7,0.55,0.4,0.3,0.0,sparse,0.1224489795918367,"lower,maintain",195.0,196.0,152.0,0.1966173054587688,"no_rate_signal,lower,maintain",1.01,0.04,RidgeClassifier
RidgeClassifier,alpha=3.2,1,12000,6,24,0.8316326530612245,0.8782287822878229,1.0,0.7828947368421053,0.0197368421052631,0.0452380952380952,0.1683673469387755,0.2674664024061614,0.1833333333333333,0.15,0.0,10.0,909.0,196.0,,,20260428T062736Z_3b4788d7,0.62,0.4,0.3,0.0,sparse,0.1938775510204081,"lower,maintain",195.0,196.0,152.0,0.2005998018046211,"no_rate_signal,lower,maintain",0.42,0.04,RidgeClassifier
DummyMostFrequent,most_frequent,1,12000,6,24,0.8193832599118943,0.9007263922518159,0.8193832599118943,1.0,0.7150537634408602,0.4169278996865204,0.5859030837004405,0.24629629629629632,0.475,0.475,0.3333333333333333,10.0,1057.0,227.0,,,20260428T065016Z_cf67983c,0.4,0.25,0.3,0.0,sparse,0.0,"lower,maintain",226.0,227.0,186.0,0.18472222222222223,"no_rate_signal,lower,maintain",1.01,0.0,DummyMostFrequent
LogisticRegression,C=0.25,1,12000,6,24,0.933920704845815,0.9597855227882037,0.9572192513368984,0.9623655913978495,0.7043010752688172,0.6468882675779227,0.6740088105726872,0.6620039655428938,0.7,0.775,0.4583333333333333,10.0,1057.0,227.0,,,20260428T065016Z_cf67983c,0.55,0.4,0.3,0.0,sparse,0.030837004405286344,"lower,maintain",226.0,227.0,186.0,0.4965029741571703,"no_rate_signal,lower,maintain",1.01,0.0,LogisticRegression
LogisticRegression,C=0.6,1,12000,6,24,0.9251101321585903,0.9551451187335093,0.9378238341968912,0.9731182795698925,0.7473118279569892,0.6529161869218247,0.7004405286343612,0.6594180208716224,0.6625,0.7,0.4166666666666667,10.0,1057.0,227.0,,,20260428T065016Z_cf67983c,0.62,0.4,0.3,0.02,sparse,0.039647577092511016,"lower,maintain",226.0,227.0,186.0,0.4945635156537168,"no_rate_signal,lower,maintain",1.01,0.0,LogisticRegression
LogisticRegression,C=1.4,1,12000,6,24,0.920704845814978,0.953125,0.9242424242424242,0.9838709677419355,0.7473118279569892,0.6291205294641721,0.6960352422907489,0.628531746031746,0.65,0.65,0.375,10.0,1057.0,227.0,,,20260428T065016Z_cf67983c,0.62,0.35,0.3,0.0,sparse,0.02643171806167401,"lower,maintain",226.0,227.0,186.0,0.4713988095238095,"no_rate_signal,lower,maintain",1.01,0.0,LogisticRegression
LogisticRegression,C=2.4,1,12000,6,24,0.9251101321585903,0.9560723514211886,0.9203980099502488,0.9946236559139785,0.7473118279569892,0.6223268674126237,0.6960352422907489,0.611801730920535,0.65,0.65,0.375,10.0,1057.0,227.0,,,20260428T065016Z_cf67983c,0.55,0.35,0.45,0.0,sparse,0.022026431718061675,"lower,maintain",226.0,227.0,186.0,0.45885129819040127,"no_rate_signal,lower,maintain",1.01,0.0,LogisticRegression
SGDClassifier,alpha=5e-6,1,12000,6,24,0.9074889867841409,0.9462915601023018,0.9024390243902439,0.9946236559139785,0.7473118279569892,0.6355525909867845,0.6960352422907489,0.6156659550120275,0.7375,0.6625,0.4583333333333333,10.0,1057.0,227.0,,,20260428T065016Z_cf67983c,0.4,0.25,0.3,0.0,sparse,0.004405286343612335,"lower,maintain",226.0,227.0,186.0,0.4617494662590206,"no_rate_signal,lower,maintain",1.01,0.0,SGDClassifier
SGDClassifier,alpha=2e-5,1,12000,6,24,0.9251101321585903,0.9556135770234987,0.9289340101522843,0.9838709677419355,0.7204301075268817,0.585958904109589,0.6960352422907489,0.6177545489740611,0.65,0.65,0.375,10.0,1057.0,227.0,,,20260428T065016Z_cf67983c,0.45,0.3,0.3,0.0,sparse,0.004405286343612335,"lower,maintain",226.0,227.0,186.0,0.46331591173054587,"no_rate_signal,lower,maintain",1.01,0.0,SGDClassifier
SGDClassifier,alpha=8e-5,1,12000,6,24,0.9251101321585903,0.9549071618037135,0.9424083769633508,0.967741935483871,0.7526881720430108,0.5763517528223411,0.7268722466960352,0.6257568973117444,0.6,0.625,0.3333333333333333,10.0,1057.0,227.0,,,20260428T065016Z_cf67983c,0.5,0.25,0.3,0.0,sparse,0.013215859030837005,"lower,maintain",226.0,227.0,186.0,0.46931767298380833,"no_rate_signal,lower,maintain",1.01,0.0,SGDClassifier
RidgeClassifier,alpha=0.3,1,12000,6,24,0.9074889867841409,0.9436997319034852,0.9411764705882353,0.946236559139785,0.7258064516129032,0.4559219959850875,0.6784140969162996,0.5513491797790425,0.55,0.5875,0.3333333333333333,10.0,1057.0,227.0,,,20260428T065016Z_cf67983c,0.45,0.4,0.52,0.0,sparse,0.05286343612334802,"lower,maintain",226.0,227.0,186.0,0.4135118848342819,"no_rate_signal,lower,maintain",0.34,0.12,RidgeClassifier
RidgeClassifier,alpha=0.8,1,12000,6,24,0.9118942731277533,0.946236559139785,0.946236559139785,0.946236559139785,0.7365591397849462,0.49239766081871345,0.6828193832599119,0.5677818609351878,0.5625,0.6,0.3333333333333333,10.0,1057.0,227.0,,,20260428T065016Z_cf67983c,0.45,0.4,0.52,0.0,sparse,0.05726872246696035,"lower,maintain",226.0,227.0,186.0,0.42583639570139087,"no_rate_signal,lower,maintain",0.34,0.12,RidgeClassifier
RidgeClassifier,alpha=1.8,1,12000,6,24,0.920704845814978,0.9516129032258065,0.9516129032258065,0.9516129032258065,0.7580645161290323,0.5588002741025776,0.7092511013215859,0.6024940381558029,0.5875,0.6,0.3333333333333333,10.0,1057.0,227.0,,,20260428T065016Z_cf67983c,0.45,0.4,0.45,0.1,sparse,0.04405286343612335,"lower,maintain",226.0,227.0,186.0,0.4518705286168522,"no_rate_signal,lower,maintain",0.38,0.12,RidgeClassifier
RidgeClassifier,alpha=3.2,1,12000,6,24,0.920704845814978,0.9518716577540107,0.9468085106382979,0.956989247311828,0.7741935483870968,0.6036931818181819,0.7092511013215859,0.6125743829870257,0.5875,0.6,0.3333333333333333,10.0,1057.0,227.0,,,20260428T065016Z_cf67983c,0.45,0.4,0.45,0.1,sparse,0.039647577092511016,"lower,maintain",226.0,227.0,186.0,0.45943078724026926,"no_rate_signal,lower,maintain",0.38,0.12,RidgeClassifier
