row_id,event_date,source,speaker,true_action,cue_pct,first_stable_correct_pct,early_by_50pct,correct_before_explicit_cue,final_prediction,final_correct,family,variant
1430,2025-10-09,speaker,Governor Michael S. Barr,lower,,20.0,True,False,lower,True,LogisticRegression,C=0.25
1431,2025-10-09,speaker,Chair Jerome H. Powell,no_rate_signal,,10.0,True,False,no_rate_signal,True,LogisticRegression,C=0.25
1432,2025-10-09,speaker,Michelle W Bowman,no_rate_signal,,10.0,True,False,no_rate_signal,True,LogisticRegression,C=0.25
1433,2025-10-14,speaker,Chair Jerome H. Powell,lower,,,False,False,maintain,False,LogisticRegression,C=0.25
1434,2025-10-15,speaker,Governor Christopher J. Waller,lower,,,False,False,maintain,False,LogisticRegression,C=0.25
1435,2025-10-16,speaker,Vice Chair for Supervision Michelle W. Bowman,no_rate_signal,,10.0,True,False,no_rate_signal,True,LogisticRegression,C=0.25
1436,2025-10-16,speaker,Governor Michael S. Barr,no_rate_signal,,10.0,True,False,no_rate_signal,True,LogisticRegression,C=0.25
1437,2025-10-16,speaker,Governor Christopher J. Waller,lower,,,False,False,lower,True,LogisticRegression,C=0.25
1438,2025-10-16,speaker,Michelle W Bowman,no_rate_signal,,10.0,True,False,no_rate_signal,True,LogisticRegression,C=0.25
1439,2025-10-21,speaker,Governor Christopher J. Waller,no_rate_signal,,10.0,True,False,no_rate_signal,True,LogisticRegression,C=0.25
1440,2025-10-22,speaker,Governor Michael S. Barr,no_rate_signal,,10.0,True,False,no_rate_signal,True,LogisticRegression,C=0.25
1441,2025-10-22,speaker,Governor Michael S. Barr,no_rate_signal,,10.0,True,False,no_rate_signal,True,LogisticRegression,C=0.25
1442,2025-10-23,speaker,Governor Michael S. Barr,no_rate_signal,,10.0,True,False,no_rate_signal,True,LogisticRegression,C=0.25
1443,2025-10-29,fomc,None,lower,,30.0,True,False,lower,True,LogisticRegression,C=0.25
1444,2025-10-29,fomc,None,lower,62.9,50.0,True,True,lower,True,LogisticRegression,C=0.25
1445,2025-10-29,fomc,None,lower,34.8,,False,False,lower,True,LogisticRegression,C=0.25
1446,2025-10-29,fomc,None,lower,5.9,,False,False,maintain,False,LogisticRegression,C=0.25
1447,2025-10-30,speaker,Vice Chair for Supervision Michelle W. Bowman,no_rate_signal,,10.0,True,False,no_rate_signal,True,LogisticRegression,C=0.25
1448,2025-11-03,speaker,Governor Lisa D. Cook,lower,81.8,20.0,True,True,lower,True,LogisticRegression,C=0.25
1449,2025-11-07,speaker,Vice Chair Philip N. Jefferson,lower,,60.0,False,False,maintain,False,LogisticRegression,C=0.25
1450,2025-11-07,speaker,Governor Stephen I. Miran,lower,51.3,40.0,True,True,maintain,False,LogisticRegression,C=0.25
1451,2025-11-11,speaker,Governor Michael S. Barr,lower,,40.0,True,False,uncertain_rate_signal,False,LogisticRegression,C=0.25
1452,2025-11-17,speaker,Vice Chair Philip N. Jefferson,lower,,20.0,True,False,maintain,False,LogisticRegression,C=0.25
1453,2025-11-17,speaker,Governor Christopher J. Waller,lower,,20.0,True,False,lower,True,LogisticRegression,C=0.25
1454,2025-11-18,speaker,Governor Michael S. Barr,lower,,20.0,True,False,lower,True,LogisticRegression,C=0.25
1455,2025-11-19,speaker,Governor Stephen I. Miran,lower,,80.0,False,False,lower,True,LogisticRegression,C=0.25
1456,2025-11-20,speaker,Governor Lisa D. Cook,lower,,80.0,False,False,lower,True,LogisticRegression,C=0.25
1457,2025-11-21,speaker,Governor Michael S. Barr,lower,,40.0,True,False,lower,True,LogisticRegression,C=0.25
1458,2025-11-21,speaker,Vice Chair Philip N. Jefferson,lower,,40.0,True,False,lower,True,LogisticRegression,C=0.25
1459,2025-12-01,speaker,Chair Jerome H. Powell,no_rate_signal,,,False,False,no_rate_signal,True,LogisticRegression,C=0.25
1460,2025-12-02,speaker,Vice Chair for Supervision Michelle W. Bowman,lower,,,False,False,no_rate_signal,False,LogisticRegression,C=0.25
1461,2025-12-10,fomc,None,lower,7.4,60.0,False,False,lower,True,LogisticRegression,C=0.25
1462,2025-12-10,fomc,None,lower,60.9,40.0,True,True,lower,True,LogisticRegression,C=0.25
1463,2025-12-10,fomc,None,lower,,10.0,True,False,lower,True,LogisticRegression,C=0.25
1464,2025-12-10,fomc,None,lower,32.4,80.0,False,False,lower,True,LogisticRegression,C=0.25
1465,2025-12-15,speaker,Governor Stephen I. Miran,lower,,10.0,True,False,lower,True,LogisticRegression,C=0.25
1466,2026-01-07,speaker,Vice Chair for Supervision Michelle W. Bowman,no_rate_signal,,90.0,False,False,no_rate_signal,True,LogisticRegression,C=0.25
1467,2026-01-11,speaker,Chair Jerome H. Powell,lower,,10.0,True,False,lower,True,LogisticRegression,C=0.25
1468,2026-01-14,speaker,Governor Stephen I. Miran,lower,9.1,10.0,True,False,lower,True,LogisticRegression,C=0.25
1469,2026-01-16,speaker,Vice Chair for Supervision Michelle W. Bowman,maintain,9.5,,False,False,lower,False,LogisticRegression,C=0.25
1470,2026-01-16,speaker,Vice Chair Philip N. Jefferson,maintain,,20.0,True,False,lower,False,LogisticRegression,C=0.25
1471,2026-01-28,fomc,None,maintain,29.1,10.0,True,True,lower,False,LogisticRegression,C=0.25
1472,2026-01-28,fomc,None,maintain,6.5,10.0,True,False,maintain,True,LogisticRegression,C=0.25
1473,2026-01-28,fomc,None,maintain,64.0,10.0,True,True,lower,False,LogisticRegression,C=0.25
1474,2026-01-28,fomc,None,maintain,,10.0,True,False,lower,False,LogisticRegression,C=0.25
1475,2026-01-30,speaker,Governor Christopher J. Waller,maintain,,10.0,True,False,maintain,True,LogisticRegression,C=0.25
1476,2026-01-30,speaker,Vice Chair for Supervision Michelle W. Bowman,maintain,,10.0,True,False,maintain,True,LogisticRegression,C=0.25
1477,2026-02-04,speaker,Governor Lisa D. Cook,maintain,,10.0,True,False,maintain,True,LogisticRegression,C=0.25
1478,2026-02-06,speaker,Vice Chair Philip N. Jefferson,maintain,80.3,10.0,True,True,maintain,True,LogisticRegression,C=0.25
1479,2026-02-16,speaker,Vice Chair for Supervision Michelle W. Bowman,maintain,,30.0,True,False,maintain,True,LogisticRegression,C=0.25
1480,2026-02-17,speaker,Governor Michael S. Barr,maintain,5.8,10.0,True,False,maintain,True,LogisticRegression,C=0.25
1481,2026-02-19,speaker,Vice Chair for Supervision Michelle W. Bowman,no_rate_signal,,,False,False,maintain,False,LogisticRegression,C=0.25
1482,2026-02-23,speaker,Governor Christopher J. Waller,maintain,,10.0,True,False,maintain,True,LogisticRegression,C=0.25
1483,2026-02-24,speaker,Governor Lisa D. Cook,maintain,,20.0,True,False,maintain,True,LogisticRegression,C=0.25
1484,2026-02-24,speaker,Governor Christopher J. Waller,maintain,,10.0,True,False,uncertain_rate_signal,False,LogisticRegression,C=0.25
1485,2026-02-26,speaker,Vice Chair for Supervision Michelle W. Bowman,maintain,,30.0,True,False,no_rate_signal,False,LogisticRegression,C=0.25
1486,2026-03-03,speaker,Vice Chair for Supervision Michelle W. Bowman,maintain,,20.0,True,False,maintain,True,LogisticRegression,C=0.25
1487,2026-03-12,speaker,Vice Chair for Supervision Michelle W. Bowman,maintain,,10.0,True,False,uncertain_rate_signal,False,LogisticRegression,C=0.25
1495,2026-03-18,speaker,Chair Jerome H. Powell,maintain,58.6,40.0,True,True,maintain,True,LogisticRegression,C=0.25
1494,2026-03-18,speaker,Chair Jerome H. Powell,maintain,1.0,10.0,True,False,maintain,True,LogisticRegression,C=0.25
1492,2026-03-18,speaker,Chair Jerome H. Powell,maintain,6.0,10.0,True,False,maintain,True,LogisticRegression,C=0.25
1493,2026-03-18,speaker,Chair Jerome H. Powell,maintain,4.3,10.0,True,False,maintain,True,LogisticRegression,C=0.25
1490,2026-03-18,fomc,None,maintain,6.0,10.0,True,False,maintain,True,LogisticRegression,C=0.25
1489,2026-03-18,fomc,None,maintain,62.0,10.0,True,True,maintain,True,LogisticRegression,C=0.25
1488,2026-03-18,fomc,None,maintain,32.3,40.0,True,False,lower,False,LogisticRegression,C=0.25
1491,2026-03-18,fomc,None,maintain,,10.0,True,False,maintain,True,LogisticRegression,C=0.25
1496,2026-03-20,speaker,Vice Chair for Supervision Michelle W. Bowman,maintain,,10.0,True,False,maintain,True,LogisticRegression,C=0.25
1497,2026-03-20,speaker,Governor Christopher J. Waller,maintain,,10.0,True,False,maintain,True,LogisticRegression,C=0.25
1498,2026-03-21,speaker,Chair Jerome H. Powell,maintain,,60.0,False,False,maintain,True,LogisticRegression,C=0.25
1499,2026-03-24,speaker,Governor Michael S. Barr,maintain,,20.0,True,False,lower,False,LogisticRegression,C=0.25
1500,2026-03-26,speaker,Governor Stephen I. Miran,maintain,,10.0,True,False,maintain,True,LogisticRegression,C=0.25
1501,2026-03-26,speaker,"Randall D. Guynn, Director, Division of Supervision and Regulation",no_rate_signal,,,False,False,lower,False,LogisticRegression,C=0.25
1502,2026-03-26,speaker,Governor Michael S. Barr,maintain,,10.0,True,False,lower,False,LogisticRegression,C=0.25
1503,2026-03-26,speaker,Governor Lisa D. Cook,maintain,,20.0,True,False,lower,False,LogisticRegression,C=0.25
1504,2026-03-26,speaker,Vice Chair Philip N. Jefferson,maintain,,30.0,True,False,lower,False,LogisticRegression,C=0.25
1505,2026-03-30,speaker,Chair Jerome H. Powell,maintain,82.1,10.0,True,True,maintain,True,LogisticRegression,C=0.25
1506,2026-03-30,speaker,Chair Jerome H. Powell,maintain,,90.0,False,False,maintain,True,LogisticRegression,C=0.25
1508,2026-03-31,speaker,Vice Chair for Supervision Michelle W. Bowman,maintain,46.4,10.0,True,True,maintain,True,LogisticRegression,C=0.25
1507,2026-03-31,speaker,Governor Michael S. Barr,no_rate_signal,,20.0,True,False,no_rate_signal,True,LogisticRegression,C=0.25
1509,2026-04-07,speaker,Vice Chair Philip N. Jefferson,maintain,,10.0,True,False,lower,False,LogisticRegression,C=0.25
